Node Name,Score,Label
GAB1,0.51590616,3
GRB2,0.61558133,3
FNTA,0.46493277,3
FNTB,0.47008646,3
MRE11,0.5996851,0
RAD50,0.5889148,0
KAT5,0.64011556,3
ATM,0.66364664,1
BRCA1,0.69769526,1
BARD1,0.57646173,3
RAD51,0.5412645,1
BRCA2,0.61820334,3
XRCC6,0.49515817,1
XRCC5,0.49906725,3
CCNB1,0.6338317,3
CDK1,0.643597,3
CLP 1,0.5014545,3
PCF11,0.4701421,3
TEAD2,0.4762753,3
YAP1,0.5248319,3
TSC2,0.52451825,1
TSC1,0.52762413,3
JUN,0.7202433,1
ATF2,0.54959255,3
FOS,0.6028797,3
CCND1,0.6735944,1
CDK4,0.6374728,3
SMAD3,0.6537165,1
SMAD4,0.6056047,3
HDAC2,0.71499115,3
SIN3A,0.6290829,3
HDAC1,0.7335352,3
ELOC,0.5832386,3
ELOB,0.6020265,3
NCBP2,0.48823026,3
NCBP1,0.60203874,3
TAP1,0.50279605,3
TAP2,0.5219332,3
ATRX,0.61952764,1
DAXX,0.654727,3
UBE2B,0.5790661,3
RAD18,0.5696675,3
PMS2,0.5235492,1
MLH1,0.59344673,3
CENPX,0.58110714,0
CENPS,0.63131076,0
PCCA,0.48993728,3
PCCB,0.46661073,3
BCL2,0.6114506,1
BID,0.536326,3
FLOT1,0.526037,3
FLOT2,0.55035305,3
TRAF6,0.59713495,3
IRAK1,0.56740093,3
PEX19,0.5219574,3
PEX3,0.53688884,3
CNTN2,0.47313935,3
L1CAM,0.48836896,3
NRP1,0.48540825,3
GRIA2,0.4807137,3
GRIA1,0.4809332,3
MYO1C,0.5550001,3
ACTB,0.6533327,3
ABHD5,0.5829152,3
PLIN1,0.5284505,3
PAK1,0.5519735,3
FLNA,0.62939,1
CREB1,0.6427915,1
ABCD1,0.5715269,3
ABCD3,0.5696022,3
STAT1,0.59603757,3
STAT3,0.58194,1
LRP2,0.5332847,3
DAB2,0.5717138,3
AMPH,0.6094978,3
BIN1,0.6023143,3
CBL,0.6459677,1
IRF3,0.49848765,3
IRF7,0.45695964,3
RELB,0.5369622,3
NFKB2,0.6277638,1
ACTN1,0.63622284,3
PARVB,0.4582923,3
CDK2,0.6865574,3
CCNE1,0.57619333,1
SMAD2,0.63700444,1
RAF1,0.59200215,1
SRC,0.53697073,3
PDGFB,0.52347296,1
PDGFA,0.51424044,3
MYC,0.7098175,1
MAX,0.55387735,3
CCNA1,0.5459718,3
CCNA2,0.59713984,3
ESR1,0.6162819,1
SUMO1,0.57463,3
CCNT1,0.5922383,3
CDK9,0.6672672,3
CD81,0.570308,3
CD19,0.52015495,3
EP300,0.7070519,1
HIPK2,0.5587463,3
NCOA1,0.6577469,1
NCOA2,0.61340535,1
CBX5,0.6458053,3
MDM2,0.6660622,1
PIAS4,0.6054785,3
PTEN,0.4419216,3
RARA,0.62810725,1
RXRA,0.63020706,3
IFIH1,0.5879756,3
TKFC,0.5771037,3
GSK3B,0.5947744,3
AXIN1,0.6601184,1
CEBPA,0.62197566,1
LEF1,0.62518144,3
CEBPB,0.65423244,3
REL,0.53387666,1
NFKB1,0.6354001,3
TLE1,0.44816148,3
CD8A,0.5250173,3
CD8B,0.50290704,3
CD3G,0.5144232,3
CD3E,0.5476237,3
CD3D,0.5105717,3
MAFB,0.46412668,3
STX1A,0.47538528,3
VAMP2,0.43847358,3
DDB2,0.53457385,1
DDB1,0.6210256,3
DLG4,0.6005586,3
DLG3,0.59884846,3
GPS2,0.60187155,3
NCOR2,0.6273849,1
NCOR1,0.62419724,1
PEX13,0.4694603,3
PEX14,0.53880423,3
MSH4,0.5289827,3
MSH5,0.49818096,3
MLH3,0.50963736,3
SDHA,0.588904,1
SDHB,0.52801704,3
ARNT,0.6569707,1
EPAS1,0.6119093,3
PIAS1,0.6383559,3
HIF1A,0.6383851,1
GNA12,0.5374282,3
GNA13,0.51528454,3
JUND,0.5223592,3
AKT1,0.6653214,1
FADD,0.5016415,3
CASP8,0.6074254,1
TRRAP,0.5458954,1
KAT2A,0.60148597,3
APC,0.55283976,1
DOK2,0.6465373,3
RASA1,0.49623874,3
CDK6,0.6342165,1
PARVA,0.4693286,3
ILK,0.6170432,3
SMAD9,0.55201703,0
NCF2,0.53652316,3
NCF1,0.5285785,3
HDAC3,0.61348206,3
E2F4,0.47943965,3
TFDP1,0.45035288,3
FOXO1,0.53670734,3
PLK1,0.61934865,3
CENPU,0.524901,3
FKBP8,0.5643415,3
TERF2,0.6300038,3
PI4KB,0.49044785,0
PI4KA,0.4548772,0
NCK1,0.55318695,3
JUNB,0.49388123,3
BLM,0.5695735,1
TOP3A,0.47662577,3
HEY2,0.59702444,3
RUNX2,0.5740062,3
ATF3,0.619781,3
GATA1,0.54548675,1
BUB1,0.54654545,3
BUB3,0.56647533,3
LAMA1,0.47932732,3
SDC4,0.47225994,1
CRK,0.6282049,3
SPC24,0.46571606,3
NDC80,0.511786,3
SMAD5,0.50062805,0
SKI,0.44618964,0
AP2A1,0.63782334,3
AP2M1,0.72029305,3
TFDP2,0.40999687,3
CAV1,0.62491894,1
NOS3,0.4926667,3
HDAC7,0.523565,3
CRKL,0.61563843,3
WASL,0.54638636,3
PML,0.5987451,1
SMAD1,0.6084502,3
BAX,0.6453378,1
SP1,0.5673642,3
WRN,0.503397,1
WNT3A,0.47550794,3
WIF1,0.47833025,1
BCL3,0.6829925,1
PRC1,0.49909827,3
PEBP1,0.5060693,3
SHC1,0.59541667,3
CCND2,0.6107584,1
CCND3,0.5363492,3
IGF1R,0.54074275,1
IRS1,0.65947336,3
SKIL,0.49483207,3
ERBB2,0.6676436,1
ERBB3,0.55144596,3
EGFR,0.66809314,3
GIT2,0.5072903,0
FYB1,0.5338249,0
ENAH,0.49225292,0
ZAP70,0.4920806,3
FYN,0.6720302,3
JAK2,0.51332694,1
DOK1,0.5028329,3
ARRB1,0.64657676,3
ARRB2,0.68627626,3
HCK,0.61470306,3
BCAR1,0.66369563,3
LCK,0.5279473,1
CD79A,0.48947838,3
CD79B,0.53232485,3
SOS 1,0.45013922,3
SOS 2,0.44553378,3
LYN,0.60011107,3
BLK,0.6620232,3
BTK,0.52149606,3
TAB2,0.6036597,3
IRAK4,0.5305086,3
PELI1,0.46258423,3
XPO1,0.48210934,1
RAN,0.5684804,3
IL2RB,0.48124784,3
IL2RG,0.47166398,3
MTOR,0.6296908,1
TERT,0.52995205,3
IL2RA,0.52428025,3
GAB2,0.51502764,3
GAST,0.4680377,0
ANXA2,0.5274908,0
NCOA3,0.5817883,3
STAT6,0.5592246,1
CYLD,0.55156314,1
TSHR,0.5033442,1
BIRC2,0.65038496,3
TRAF2,0.5237286,3
RIPK1,0.58324075,3
CIR1,0.52792436,3
SAP30,0.6176505,3
FBXW7,0.5931086,1
SKP1,0.53233373,3
PLCG1,0.47373375,1
JAK1,0.5602977,3
PLD1,0.49244595,3
RAC1,0.53916305,3
CAV2,0.61711353,3
NCK2,0.5341559,3
CSK,0.57988983,3
PLS1,0.47332796,3
PDPK1,0.62077993,3
ELK1,0.6522387,3
ID2,0.6331718,3
RBL2,0.5543689,3
SOCS1,0.6086106,1
RBL1,0.6211484,3
SNX6,0.450719,3
SNX4,0.4514106,3
SNX2,0.45189592,3
SNX1,0.5004173,3
SMAD7,0.4999286,3
PPM1A,0.57997626,3
DCP1A,0.5951652,3
FOXO3,0.6465158,3
NFYB,0.44500804,3
NFYC,0.4462168,3
CDC16,0.5399289,3
SNW1,0.65657234,0
CDC27,0.64684916,3
CUL1,0.65950614,3
FOXO4,0.5174354,1
E2F5,0.48002446,3
RBX1,0.62914914,3
HNF4A,0.6523424,3
NFYA,0.4321292,3
KAT2B,0.6637187,3
DVL2,0.64000064,3
RHOA,0.53805333,1
TBK1,0.4688205,3
CFLAR,0.52912825,3
PSMD6,0.58752817,3
TRADD,0.5110449,3
MET,0.62902784,1
GNAI3,0.54633236,3
ADRB2,0.5487864,3
TOP 1.00,0.49717188,3
EED,0.6534502,1
CD44,0.58171076,1
BMPR2,0.5552426,3
FOXM1,0.64349484,3
CALM1,0.55890685,3
EPC1,0.5797087,3
ING3,0.5225037,3
MBL2,0.46031412,3
PTX3,0.46158293,3
TRIP6,0.46565542,3
CUL4A,0.6172549,3
CAND1,0.6482426,3
CUL4B,0.603279,3
E2F6,0.61933184,0
EZH2,0.6358286,0
PHC3,0.5361987,3
AP2B1,0.6575989,3
AP1S2,0.65598536,3
MCMBP,0.5604096,3
MCM7,0.5953303,3
CASP7,0.5403598,3
PARP1,0.62315756,1
NOD2,0.47846067,3
ATG13,0.58210593,3
ULK2,0.41802108,3
HMGA1,0.6291097,1
ABL1,0.6302939,1
SMC3,0.6413923,3
EPC2,0.51777333,3
CBX2,0.6001081,3
BMI1,0.6763141,3
E2F1,0.63294894,1
PHB,0.60043555,3
RBBP7,0.5506174,3
IRF1,0.6276104,3
TRAF3,0.5235814,3
CASP3,0.61548454,1
CASP6,0.6512079,3
CUL5,0.6271987,3
MYD88,0.48391172,1
DTL,0.5008478,3
DKC1,0.6237247,3
VDAC2,0.6252336,3
NHP2,0.45215753,3
PPARA,0.51267296,3
MED1,0.655543,3
SGK1,0.53809905,1
SUZ12,0.5426366,1
RCC1,0.51298815,3
KDM1A,0.65063184,3
HTRA2,0.6645646,3
DHX9,0.58723015,3
STAU1,0.48606473,3
MAVS,0.5337684,3
APEX1,0.58773464,1
SMC1A,0.55238956,1
ERCC3,0.64516497,1
ERCC5,0.51805234,3
CUL7,0.5400823,3
PPARG,0.6307487,1
MFN2,0.48558813,3
CD22,0.49538454,3
NID2,0.43366465,3
ELN,0.4708049,1
TLR2,0.46644232,3
ELP1,0.4828686,0
ELP3,0.48244178,0
RBMX,0.6011971,3
PTPRC,0.4806344,1
SMAD6,0.44585076,3
CBX8,0.6611372,3
SOCS3,0.52650505,3
PHC2,0.6369634,3
TAB1,0.50926673,3
WWP1,0.43240738,3
ACTN3,0.6308915,3
CUL3,0.6447637,1
FCN2,0.45650142,3
CRP,0.48783308,1
HMGB1,0.58785117,3
PHF5A,0.59255534,3
ACTN4,0.6398101,3
MMP9,0.4863396,1
CXCL6,0.46869633,3
MCM6,0.61598593,3
TBP,0.63635266,3
VDR,0.49147013,1
FBXW8,0.5885607,3
VDAC1,0.55942345,3
CPSF2,0.58289886,3
PELI3,0.48534983,3
DCAF8,0.5959631,3
TTK,0.5456531,3
EGR1,0.53072494,3
MSH2,0.6100118,1
SPI1,0.49047932,3
CUL2,0.672854,3
VHL,0.5605668,1
PHC1,0.59208196,3
HCFC1,0.6038241,3
RYBP,0.5158768,3
FBXW5,0.5341025,3
PRKDC,0.6320144,3
RAD21,0.573407,1
RBM39,0.61365587,3
KLHL9,0.58243287,3
DCAF6,0.5041278,3
KIF11,0.5431268,0
WDR5,0.5501417,0
ULK1,0.55818164,3
RACK1,0.54817593,0
AEBP2,0.6211301,3
BMX,0.6417627,3
DCAF4,0.5152839,3
HMGB2,0.59098196,3
NR4A1,0.5457642,3
MCL1,0.54797554,3
NOP58,0.4882339,3
PDK1,0.62870735,3
AP1M2,0.6040711,3
MYSM1,0.4217019,3
RBM10,0.45166087,1
BECN1,0.51821357,3
TLR4,0.4605898,1
TIRAP,0.40206727,3
TMED7,0.3992502,3
STAT2,0.43332022,3
KEAP1,0.5509423,1
ERCC8,0.54992443,3
CDC42,0.5077943,3
RING1,0.6284932,3
U2AF1,0.5772077,3
FHL2,0.5916842,3
DMAP1,0.45953166,3
CBX3,0.6528802,3
IRF2,0.58076423,3
TLR3,0.45647284,3
RBBP4,0.64823914,3
OPTN,0.46314597,3
UBC,0.559686,3
MASP1,0.4869724,3
FCN1,0.48946354,3
TRAF5,0.47445795,3
PSMD4,0.61089796,3
MBD2,0.6240453,3
MBD3,0.5636405,3
CRBN,0.511522,3
ETS1,0.6011907,3
RPTOR,0.49067125,3
MCM4,0.5911906,3
NOP10,0.5271752,0
SYNPO,0.50990796,3
NONO,0.6123143,1
PSPC1,0.45183024,3
LMNA,0.6242418,1
EMD,0.5932135,3
BFSP2,0.5103695,3
KRT37,0.502391,3
NR1H4,0.49912837,3
PCGF2,0.6034758,0
CBX6,0.5736097,0
KRT85,0.56780607,3
MTA1,0.5601518,3
RBBP5,0.63140064,3
ASH2L,0.66365147,3
SEPT5,0.44187593,3
SEPT8,0.44396064,3
CLK2,0.65007854,3
SRPK2,0.5179672,3
IQCB1,0.55358255,3
BBS2,0.6342681,3
PTBP1,0.5662018,3
SNRPA,0.5661913,3
DDX5,0.6472112,1
SFPQ,0.60058826,1
IFT80,0.5050755,3
IFT46,0.57969594,3
UBXN7,0.5544015,3
LIN37,0.6147544,3
NXF1,0.6179265,3
NPHP4,0.4539806,3
NPHP1,0.4902691,3
COIL,0.63589996,3
TAF9,0.6340288,3
UBE2S,0.49005073,3
TAF4,0.5591918,3
TAF12,0.57238144,3
THAP1,0.52232105,3
RNF4,0.6161962,3
KRT34,0.625603,3
VAV2,0.43233213,3
LRP1,0.48456058,3
APOE,0.57561195,3
FGFR3,0.6271132,1
STIM1,0.5317078,3
MCM2,0.59980714,3
TERF1,0.48837668,3
CBX7,0.5945576,0
TLX3,0.53825366,1
ARPC2,0.62229604,3
PSMD1,0.59870577,3
ADRM1,0.61077565,3
PSME2,0.48024866,3
PSME1,0.5855765,3
PCGF3,0.49554387,3
ENKD1,0.6037934,0
KIFC3,0.5350811,0
DLG1,0.5008397,3
IKZF1,0.5427848,1
CCL8,0.5306962,3
CCL13,0.6204349,3
CCL11,0.53045315,3
DPY30,0.6441014,3
PPIL3,0.45981553,3
SLU7,0.4865744,3
SF3A3,0.6174205,3
DHX15,0.6151645,3
RBM8A,0.62099,3
SF3B2,0.6191975,3
NELFB,0.43998435,0
NELFE,0.42828405,0
BBS1,0.64980507,3
ARL 6.00,0.5520679,3
EIF3F,0.628392,3
EIF3B,0.6485843,3
LSM 3.00,0.5966352,3
LSM 2.00,0.63637084,3
RIF1,0.50535333,0
CBX1,0.6171097,0
NUP54,0.5729325,3
NUP58,0.53863,3
PCNA,0.6716243,1
BUB1B,0.5895726,1
RNPS1,0.5929621,3
SF3A2,0.60413724,3
SMC5,0.5269601,0
SMC6,0.5184534,0
CDC20,0.6632742,3
TNNI1,0.5185665,3
TNNC1,0.49374878,3
KRT83,0.60486686,3
KRT38,0.5824823,3
AP1M1,0.5913657,3
PRPS1,0.519551,3
SPG21,0.5144297,3
PPIL1,0.5791185,3
KRT86,0.47454372,3
DRD2,0.5297674,3
DRD4,0.52394444,3
FBLN1,0.55121094,3
CXCL5,0.57736254,3
SKP2,0.64933187,3
DCP2,0.48720002,3
CDC73,0.55688673,1
PAF1,0.59913653,3
SF3A1,0.5602117,3
BCOR,0.5847727,1
PCGF1,0.5744449,3
TAF6L,0.4759563,0
U2AF2,0.5495523,3
APOH,0.55886906,3
LDLR,0.50219053,3
MED19,0.6484647,3
MED29,0.6658093,3
LUC7L,0.5001767,3
SRPK1,0.6125869,3
AURKC,0.5774688,3
AURKB,0.66483825,1
RNF8,0.52524805,3
MKKS,0.4998676,3
PSMD3,0.59928477,3
OPA1,0.4723976,3
BNIP3,0.4241732,3
RET,0.5788651,1
FEN1,0.4856251,1
KLC1,0.5358997,3
HSPB1,0.66985023,3
LEO1,0.57108885,3
UIMC1,0.43064052,3
MED6,0.55764085,3
MTA2,0.60540026,3
RFX3,0.47559693,3
MSH6,0.5012869,1
HBM,0.45755467,3
HBG2,0.5056212,3
DCTN1,0.6335725,1
HDAC6,0.61894315,3
MED20,0.652069,3
MED18,0.6374945,3
EEA1,0.53576505,3
RAB5C,0.5296106,3
PCGF5,0.53684163,3
VPS39,0.5050376,3
RILP,0.544051,3
AHI1,0.5922692,3
DISC1,0.52937096,3
RPP40,0.44496602,3
POP1,0.525129,3
ERN 1.00,0.5629442,3
OS9,0.59939253,3
FBXW4,0.58381516,3
DOCK8,0.5072099,3
RAB32,0.44605488,3
LRRK2,0.49291512,3
CXCL3,0.5050435,3
CALR,0.6376388,1
PDIA3,0.47984764,3
MED8,0.6381033,3
MED11,0.6442992,3
CCNC,0.7164505,1
TNNT1,0.50487596,3
SGO1,0.46086785,0
IFT27,0.5772093,3
FANCF,0.5347003,1
FANCA,0.58934987,3
XRCC4,0.4431106,3
NHEJ1,0.47819304,3
HDAC9,0.5799408,3
POC5,0.4876617,3
CETN1,0.5500629,3
SPC25,0.48515671,3
FBXL7,0.54543424,3
LMNB1,0.5754386,3
TAF9B,0.49259633,3
CEP55,0.5801967,3
PIAS2,0.6143392,3
C2CD3,0.6031393,3
BBS5,0.5308834,3
TTC8,0.5297502,3
BBS7,0.61750746,3
EIF3A,0.6208539,3
LMO4,0.51841027,3
LDB2,0.48605412,3
RFC4,0.65119547,3
CDC6,0.5468059,3
KRT35,0.54426944,3
GGA1,0.53376716,3
GGA3,0.5657138,3
OCRL,0.48555064,3
NUP62,0.56675875,3
NR1H3,0.5243331,3
PSMD7,0.6159266,3
MYOZ3,0.5278616,3
FHL3,0.5307651,3
EXOC2,0.5063265,3
EXOC1,0.48784363,3
ORC1,0.5777362,3
ESR2,0.6571955,1
MSH3,0.55790067,3
THOC7,0.50138116,3
THOC5,0.48944673,3
MCRS1,0.5263185,3
TADA3,0.53228676,3
SGF29,0.57473457,3
WDR83,0.5374012,3
STT3A,0.5577909,3
RPN1,0.49672645,1
TAF1,0.5144002,3
TNNT2,0.5040998,3
SRSF9,0.46456823,3
ATF4,0.5959463,3
HIP1,0.5454516,1
ORC2,0.595716,3
ORC5,0.6583373,3
PCBP1,0.572509,1
IFT81,0.58812046,3
SF3B4,0.5565978,3
BATF2,0.51997364,3
EIF3H,0.54286814,3
BBS4,0.5145317,3
STAG2,0.55196804,3
MED30,0.6231637,3
MCM3,0.6571356,3
STX3,0.51586765,3
STX4,0.44135126,3
CEP70,0.56894755,3
RAB5A,0.4840652,3
CTR9,0.6272584,3
BAHD1,0.59758824,3
SRSF7,0.5127202,3
SET,0.4944288,1
PUF60,0.5826724,3
SYVN1,0.5236866,3
EPHA7,0.47939363,1
EPHA2,0.57887316,3
IFT74,0.53419816,3
BBS12,0.5591558,3
PSMD2,0.60090774,3
PPIE,0.62115455,3
AQR,0.57469666,3
SEPT2,0.51337403,3
ARF6,0.5150712,3
LMNB2,0.5277782,3
MED4,0.648145,3
CLPP,0.70094424,3
CLPX,0.6300622,3
RFC3,0.54671115,3
INSR,0.62216103,3
TBL1X,0.5336749,3
NPC1,0.46484336,3
DCTN2,0.6389306,3
ERBB4,0.55132973,1
ABI2,0.6246574,3
MED31,0.6275861,3
DPM3,0.50068766,3
DPM1,0.54786515,3
HTRA1,0.5499963,3
VPS25,0.47983128,0
SRSF2,0.5205383,1
MED16,0.6447042,3
MED24,0.6163692,3
MMS19,0.58689517,3
APOA1,0.6052807,3
LCAT,0.5258107,3
IFT88,0.5813054,3
IFT52,0.53773224,3
KAT6A,0.64902,1
BMF,0.56205904,3
CENPH,0.52826077,3
MED9,0.5687906,3
GGA2,0.5357634,0
CDK5,0.4671174,3
VPS16,0.5352011,3
UHRF1,0.48857147,1
DNMT1,0.5985685,3
VRK1,0.5077944,3
PICK1,0.52521884,3
RAB5B,0.47872978,3
SRRM1,0.65385103,3
DCTN3,0.5201017,3
ING2,0.61752164,3
CEP63,0.5524234,3
PIBF1,0.62026477,3
TPM1,0.5319846,3
AURKA,0.62018734,1
HGS,0.5717813,3
E2F2,0.5221297,3
WDR35,0.5104145,3
WDR19,0.45659754,3
MYOM2,0.5771678,3
ACTN2,0.610817,3
VAMP8,0.4619135,3
STX7,0.47662008,3
SEC13,0.51945,3
EXOC7,0.5238107,0
IFT20,0.5529709,0
DDX20,0.60202605,3
FUS,0.6706684,1
HJURP,0.537439,3
CENPA,0.5790772,3
FXR2,0.60034895,3
FMR1,0.54179525,3
CIAO1,0.5521056,3
RAD17,0.57599854,1
NBN,0.64952576,3
CLK3,0.54729706,3
TFB2M,0.493292,3
MARC1,0.5040049,3
NUF2,0.50186473,3
CHD4,0.6120291,1
EDC4,0.514104,3
TOE1,0.4959743,3
HOOK2,0.47442433,0
CTC1,0.57917136,3
STN 1.00,0.48105475,3
IDE,0.5222196,3
INS,0.61846507,3
NOL11,0.54209644,3
UTP4,0.47301143,3
ISY1,0.5988066,3
DHX8,0.6069144,3
TEKT4,0.45422307,3
OFD1,0.56683576,3
TEC,0.47426218,1
ACD,0.52524084,3
RAC3,0.4836808,3
RNF11,0.50428885,3
FBN1,0.5706691,3
LTBP1,0.4942008,3
MGME1,0.60483056,3
WASF1,0.49266368,3
ZER1,0.50483334,3
BIRC5,0.60642266,3
KIF3C,0.5191655,3
KIF3B,0.51869,3
SRP19,0.5149565,3
SRP68,0.49155107,3
IFFO1,0.52520835,3
GORAB,0.5376385,3
TFAM,0.59059614,3
TFB1M,0.38720924,3
FANCG,0.5722887,1
FANCE,0.5685274,1
FANCC,0.6375573,3
ORC3,0.52544385,3
KMT2A,0.58380884,1
RAB8A,0.4995516,3
MKS1,0.53673494,3
B9D2,0.6255358,3
B9D1,0.5611867,3
TULP3,0.46838695,3
STOM,0.51066357,3
NUBP2,0.49543813,3
PRPF3,0.6144337,3
CDC5L,0.69791967,3
PLRG1,0.582998,3
NDEL1,0.46589354,0
MTUS2,0.50167054,0
MATR3,0.66002303,3
GRB10,0.6135126,3
MED7,0.6013113,3
MED10,0.6452639,3
PTBP2,0.5620853,3
APOB,0.5895322,3
KRT81,0.5953335,3
TRIM8,0.48673427,3
MSL2,0.47480577,3
MYOD1,0.5811478,1
UBE3A,0.62032217,3
CENPE,0.54183394,3
APOA2,0.6010743,3
ARPC4,0.49953675,3
ARPC3,0.61653477,3
SRSF4,0.52774,3
WNT7A,0.45134705,3
GFAP,0.583537,3
GMCL2,0.48229393,3
FXR1,0.5263578,3
WFS1,0.504891,3
SP100,0.5451406,3
PIGH,0.4425785,3
PIGQ,0.4625982,3
SRSF1,0.615386,3
POP5,0.4604033,3
RPP30,0.4607577,3
PEX5,0.49101222,3
PEX12,0.48005733,3
PCGF6,0.50790507,3
CBX4,0.63095725,3
VAMP3,0.49127954,3
EDC3,0.51188207,3
DDX6,0.52563477,1
EIF3G,0.6243638,3
EIF3I,0.64174604,3
SRSF3,0.6183481,1
CHD8,0.5073768,3
CNPY3,0.4802925,3
RBM4,0.55294865,0
RP1L1,0.46228516,3
ARL 3.00,0.50554454,3
LASP1,0.52372897,3
PEX2,0.4526595,3
TPM4,0.44185117,1
TPM3,0.5112403,3
VPS41,0.47206897,3
ACOT8,0.52333146,3
HAUS1,0.605796,3
NUP98,0.5486597,1
CREB3,0.53491724,3
AIF1L,0.50257677,0
PROM1,0.45145363,0
EHD1,0.47957033,3
EHD3,0.4010732,3
AGO2,0.6226626,3
MEF2C,0.4958201,3
CDK7,0.6416726,3
SEPT7,0.45565268,3
SEPT9,0.45500505,3
LTBP4,0.53883743,3
RRAS,0.45675257,3
AP1G1,0.5748106,3
RFC5,0.551239,3
AGO1,0.54605716,3
KIF3A,0.54234695,3
TAF2,0.6174387,3
WDR43,0.412512,3
UTP15,0.41619986,3
LIN9,0.49157578,3
LRP6,0.44530898,3
SNX3,0.4718327,3
RAB7A,0.54315525,3
ZMYM2,0.4571615,1
MCM5,0.60819954,3
ORC4,0.5334288,3
PRKN,0.619138,3
SYNE2,0.55064285,3
EBP,0.49542183,3
HMOX2,0.47723147,3
ACOX1,0.6637453,3
SENP2,0.46299294,3
WNT5A,0.49329698,3
PIGC,0.46184713,3
SF3B1,0.6024808,1
STX12,0.46583393,3
CCL21,0.6098458,3
CCL24,0.6610356,3
CHMP6,0.5584144,3
PSMD8,0.598189,3
CNTRL,0.5508261,1
CSTF2,0.56736815,0
UBXN1,0.52954507,3
MECP2,0.6306166,3
FOXA1,0.52637786,1
NOP56,0.57336104,3
HAUS4,0.4830391,3
VPS18,0.48951507,3
IFT57,0.54845726,3
EZH1,0.6365204,3
BRCC3,0.5241355,3
LIN52,0.5275004,0
FZR1,0.5849258,3
PATL1,0.5150249,3
DDX23,0.66696465,3
FBN2,0.49717587,3
MYO6,0.5308157,3
CCL7,0.49875072,3
LZTS1,0.53698885,0
MSL1,0.48232213,3
KAT8,0.5187837,3
JADE2,0.5079197,0
VASP,0.49204215,3
NOTUM,0.4796248,3
KMT2C,0.6315476,1
EIF3J,0.56481695,3
TNNI2,0.44279128,3
NFX1,0.49371913,3
TAF13,0.62997234,3
TAF11,0.59852076,3
MED14,0.63433206,3
HDAC4,0.61609024,3
ING5,0.53129447,3
TAF10,0.5709673,3
TAF8,0.47597152,3
CCL26,0.5478382,3
CCL17,0.5085023,3
HES6,0.45960462,3
PAAF1,0.60313296,3
HMGN2,0.4682202,3
CENPC,0.55449724,3
TNNC2,0.4413611,3
TNNI3,0.48790514,3
CEP95,0.48784286,0
AHR,0.62180597,3
WWTR1,0.4847623,1
TMED1,0.49066064,3
EXOC3,0.48155063,3
VAPB,0.520483,3
JAGN1,0.54236937,3
PHF6,0.5004381,1
LYAR,0.6130794,3
USE1,0.49621025,0
BSCL2,0.5274215,0
AKT2,0.53964245,1
PPARD,0.56691355,3
DLG2,0.6270134,3
SF3B6,0.5387352,3
TCHP,0.48907053,3
EXOC6,0.5147826,3
SYNE1,0.5167722,3
TAL1,0.48515874,3
LATS1,0.5629642,3
VPS35,0.49693766,3
ABI1,0.65743357,1
HOOK1,0.5007391,3
HOOK3,0.5257951,1
CCL22,0.52847654,3
CCL14,0.56903315,3
XCL1,0.49474877,3
CCL28,0.5546349,3
CNOT1,0.57385457,3
CNOT7,0.56879723,3
IDH3A,0.6372665,3
IDH3B,0.51810217,3
MYO10,0.54170275,3
FSCN1,0.56150717,3
IRS4,0.476589,3
VPS36,0.48081857,3
SNF8,0.6114987,3
EPHA4,0.46261525,3
MYH9,0.6028652,1
MYL9,0.51149786,3
UCHL5,0.5237549,3
PDIA4,0.47340715,3
PPIB,0.50923723,3
PINX1,0.4653043,3
RFC1,0.65100217,3
MYH10,0.4913992,3
TRIM5,0.5147758,3
MKRN3,0.4629311,3
FREM1,0.54453814,3
FREM2,0.52812773,3
ERCC2,0.55798024,1
TEAD4,0.4858304,3
TAF5,0.52108824,3
PAK2,0.5099785,3
MGST3,0.49210656,3
CD2AP,0.57245314,3
MACF1,0.5268346,3
NEK6,0.4507548,3
DPM2,0.52205336,3
SF3B3,0.61413753,3
CDC7,0.58880574,0
C1QBP,0.655967,3
DCTN6,0.64689547,3
MED21,0.63048136,3
VPS11,0.45762596,3
SIAH1,0.50158405,3
BAZ1A,0.5362651,1
BAZ1B,0.59555775,3
STIP1,0.4973972,3
ING4,0.6113717,3
AKAP6,0.5778153,3
RYR2,0.46086958,3
PDS5B,0.47096166,3
CXXC1,0.56996185,0
PARK7,0.47995135,3
XPC,0.462165,1
MED17,0.6050944,3
MED27,0.49653563,3
NSD2,0.60090166,1
TAF3,0.55555636,3
NEK2,0.43908334,3
NCF4,0.52734864,3
NR2C2,0.57942295,3
LAMP2,0.47342232,3
NAGK,0.51487195,3
BBS10,0.518477,3
PCBP2,0.47804466,3
SRSF5,0.46835625,0
PIGA,0.50331736,3
XCL2,0.5336789,3
CCL20,0.52429676,3
HBB,0.4533612,3
NSD3,0.48449206,1
SNURF,0.4680045,0
UBE2T,0.4770495,0
PLIN5,0.53660315,3
EPS15,0.6564955,3
NUDC,0.4860217,3
ZW10,0.45353377,3
FANCL,0.556905,0
SOX2,0.52578884,1
KDM6A,0.50794244,3
FGFR1,0.57099265,1
PRAP1,0.45962617,1
MEP1B,0.5140955,3
ELL,0.5534094,1
CHD3,0.6037087,3
PPIF,0.53096026,3
DSC2,0.527446,3
DSG2,0.48005414,3
BCL6,0.58665985,3
SSRP1,0.45355758,3
CFTR,0.62885463,3
ODF2L,0.45517522,3
RPA2,0.57819754,0
SEM1,0.51294345,0
PPIH,0.6536961,3
ASXL1,0.6136351,1
CISD2,0.6414976,3
TPR,0.49499232,1
CNOT3,0.56642485,1
WAPL,0.45090637,3
AP1B1,0.6488103,3
ERCC6,0.48199677,3
CDK8,0.6796893,3
THOC1,0.52327627,3
MED26,0.63111633,3
EAF1,0.5213181,3
AP1S1,0.6845709,3
INVS,0.50153816,3
MED12,0.65157646,1
EIF3D,0.6416216,3
RRP1,0.40199646,0
RRP1B,0.4107283,0
KIF23,0.55859494,3
ECT2,0.51539975,3
CSN2,0.49060145,3
CSN3,0.48581955,3
ORC6,0.54103506,3
EPB41,0.4911761,3
COPB2,0.5184409,3
EXOC8,0.5304693,3
DCAF7,0.4922609,3
DCC,0.6162547,1
CXCL2,0.5605725,3
CCL5,0.57142496,3
ATG9A,0.5618563,3
CBY1,0.51885384,0
SREK1,0.56626344,3
CCL18,0.5096799,3
FOXN3,0.4520352,3
FOXR2,0.39142206,3
RPA1,0.5650915,3
MYF5,0.45252544,3
CTCF,0.64064765,1
MMP2,0.47472197,1
EXOC4,0.4943675,3
SRSF6,0.51522803,3
STAG1,0.52604294,1
CCL27,0.49109736,3
SPAG5,0.46784568,3
VDAC3,0.49736205,3
RCOR1,0.49148437,0
CAPZB,0.61019593,3
WBP4,0.47873428,3
ATR,0.6414775,3
LSM 4.00,0.6401521,3
KDM2B,0.48093662,3
CCNH,0.5932696,3
XPO5,0.50267714,3
PPM1G,0.5088627,3
MBD1,0.51546067,3
LRIF1,0.5340963,3
APOC3,0.54233205,3
CDCA5,0.47913778,3
DDX42,0.5952189,3
LSM 6.00,0.6574124,3
MYO1B,0.5104396,3
SF3B5,0.56043994,3
CEP89,0.6218851,1
GSK3A,0.5765706,3
TINF2,0.45718172,3
BOP 1.00,0.56014836,3
WDR12,0.5069581,3
MYOG,0.45021436,3
XRN2,0.4942566,3
DDX21,0.61886954,3
VTA1,0.45689884,0
EIF3C,0.6220942,3
XRCC1,0.45619136,1
SUGP1,0.52666825,3
LCA5,0.50411826,3
RC3H1,0.6086471,3
PMS1,0.5171189,3
ANK3,0.4868094,3
FLNC,0.54914945,3
RPP21,0.4571852,3
RBM5,0.47565082,0
GRIA3,0.51531464,3
SATB1,0.49486488,3
STAM2,0.48806247,3
AXIN2,0.6889876,1
CTAG2,0.5134177,3
CENPB,0.5455176,3
XIAP,0.4497781,1
UBE2W,0.45400098,3
NUPR1,0.63874424,3
DCTN4,0.6413403,3
HAUS3,0.5190908,3
MYBPH,0.51299274,3
ROCK1,0.5152722,3
PGAM5,0.47526705,3
DDIT3,0.6498532,1
UBE2N,0.5286097,3
RFC2,0.5434332,3
HDAC5,0.6277958,3
RAB4A,0.4919708,3
NDRG1,0.50909626,1
SRRM2,0.6191556,3
UBE2A,0.53348786,3
TLK2,0.50815433,3
TPM2,0.46321005,3
BAG1,0.53750193,3
CCR5,0.5815371,3
CD4,0.5726705,3
LAMC1,0.5039181,3
LAMA5,0.5063027,3
RBM22,0.5087166,3
CWC15,0.5892394,0
MCM10,0.48324904,3
NINL,0.51356673,0
NOS2,0.5158916,1
IDH3G,0.54288477,3
PINK1,0.5500648,3
TRA2B,0.47172144,3
PARD3,0.5396359,3
TIAM1,0.5278,3
NEK7,0.4869224,3
NR0B2,0.45344147,3
DNM1L,0.47179088,3
HDAC8,0.4704607,3
TGS1,0.44232833,3
GATA2,0.6320304,1
PIAS3,0.51290214,3
TGFB1,0.517147,1
CD82,0.54570186,1
E2F3,0.61737555,3
KMT2B,0.5449901,3
ANXA7,0.59952396,3
PDCD6,0.49410883,3
SSNA1,0.45439234,3
NUP37,0.57080984,3
TANC1,0.5015205,3
ACLY,0.5323673,3
BRAP,0.53286177,3
MYO1D,0.46740702,3
STT3B,0.43219492,3
APOC2,0.5588854,3
RUNX3,0.42296648,3
CCNB2,0.49744064,3
RBP2,0.49773803,3
MYH7,0.5246496,3
TAF7,0.59283733,3
RPP38,0.44864887,3
REST,0.5657526,3
MED13,0.6355178,3
ARPC5,0.6228427,3
PCM1,0.5025309,1
CALM3,0.5769597,3
CDC23,0.5565043,3
LATS2,0.5646952,3
TAF6,0.53123844,0
MED23,0.59658617,3
CTBP1,0.6423407,3
CASC3,0.5556935,0
TIMP1,0.44136843,1
MMP1,0.44053224,3
FBXL3,0.4787358,0
TAF5L,0.45113888,0
SAP18,0.52181834,3
BMP1,0.56705534,3
CHRD,0.5556343,3
BRD4,0.67068005,1
LARP7,0.5633108,3
MED15,0.5308925,3
WDR62,0.44960347,3
THOC6,0.505567,3
THOC2,0.59070927,3
CPSF3,0.50851053,0
SYMPK,0.46391487,0
NEDD8,0.5279015,3
VAMP7,0.4495599,3
STX6,0.4871501,3
FANCB,0.61239743,3
FANCM,0.5423732,3
PYM1,0.52444136,3
REC8,0.5465275,0
RPRD2,0.47502473,3
RPAP2,0.46160513,3
NSL1,0.51075715,3
MIS12,0.5313672,3
NEDD4,0.5122299,3
NUP43,0.6157578,3
NUP85,0.51925164,3
DSN1,0.5069243,3
EHMT2,0.5208634,3
HAUS8,0.52487916,3
HAUS5,0.5075371,3
JADE3,0.5321662,3
KAT6B,0.5029311,1
BRD1,0.6117506,3
WDR82,0.44237652,3
MEN1,0.62022746,1
PMF1,0.4900987,0
TADA1,0.5518853,0
CENPN,0.5756981,3
CPSF1,0.54852384,0
CPSF4,0.62527263,0
CIRBP,0.52685934,3
TDRD7,0.45760825,3
TOX4,0.47837555,3
TOP3B,0.4925331,0
PHF20,0.45648682,0
BAZ2A,0.6117124,3
ZEB1,0.47940826,1
SIN3B,0.56011933,3
ATG5,0.53797597,3
RBM14,0.5406865,3
ILF2,0.578655,0
ILF3,0.55499184,0
C1QC,0.51505363,3
C1QA,0.5542832,3
NAT10,0.46559384,3
API5,0.6325157,3
SENP3,0.49781954,3
DDX46,0.5418138,3
RALY,0.52588624,0
DDX41,0.5891101,3
DDX3X,0.6124214,0
SMC2,0.50671226,3
TONSL,0.5259629,3
GATA3,0.5909231,1
PARP2,0.59927124,3
ECSIT,0.5099176,0
ACAD9,0.6651001,0
ABCF1,0.679237,3
PSME3,0.5499601,3
PSME4,0.5701273,3
PSMF1,0.59499246,3
PSMD9,0.5943021,3
FOXK1,0.5100617,3
FOXK2,0.47081158,3
FOXL1,0.50570107,3
FOXO6,0.5484806,3
SATB2,0.49819794,3
FOXS1,0.55825025,3
PBX2,0.4818426,3
MEF2A,0.60631794,3
KIF5A,0.5546037,3
CPSF6,0.5149822,3
ALDOA,0.606024,3
AIFM1,0.6379579,3
RRS1,0.51321256,3
TKT,0.51452047,3
STRAP,0.51232225,3
PGAM1,0.5187987,3
CTBP2,0.6421217,3
FOXB1,0.52867514,3
FOXC1,0.47866938,3
FOXE1,0.5244926,3
FOXG1,0.5290626,3
PRDX1,0.5428132,3
CD9,0.5088957,3
CENPT,0.5403767,3
KIF2C,0.48668095,3
SGO2,0.49847367,3
CEP76,0.5332528,3
CEP97,0.5203732,3
RNF31,0.48176026,3
PSMD5,0.62559044,3
TWSG1,0.5486086,3
FBLN2,0.533934,1
NPHP3,0.46329832,3
SYNRG,0.4165628,0
AP1G2,0.6491772,0
AP2A2,0.6916954,3
MMP8,0.5319332,3
TIMP2,0.478013,3
ATF1,0.5452732,3
EPN1,0.6845091,3
NRIP1,0.55906695,0
MMP13,0.49227348,3
RGS6,0.500375,3
GNB5,0.48160154,3
PEX7,0.4968004,3
PEX10,0.4598239,3
RYR1,0.44361368,3
TRDN,0.53861606,3
CXCR4,0.53783685,1
MFAP5,0.4821548,3
ECM1,0.6262446,3
NID1,0.5215486,3
EVL,0.47910175,3
DOCK2,0.48254174,3
NUP50,0.52989876,3
MATN1,0.53578514,3
MATN2,0.6132919,3
PLD2,0.4535121,3
GFI1B,0.5138647,3
RXRG,0.50520664,3
NR1I2,0.46859658,3
NTRK3,0.4484317,1
MMP7,0.45789814,1
FGR,0.54328156,3
GNAT1,0.49994212,3
RGS9,0.47052574,3
GRIK5,0.49854138,3
GRID2,0.45960855,3
BCR,0.5642241,1
CNR1,0.57351786,3
DVL1,0.51941824,3
SUMO2,0.46956438,0
NARF,0.54451096,0
MMP3,0.49333975,3
TIMP3,0.4412026,3
PLTP,0.56552756,3
LIN7A,0.5314405,3
ARNT2,0.53583586,3
CD28,0.49409673,1
PURA,0.541898,3
PURB,0.52588964,3
MATN3,0.48817727,3
PALLD,0.5869357,3
NTRK1,0.57112944,1
USF1,0.4587387,3
TOP2B,0.48742592,3
GRIK2,0.4910654,3
SH2B3,0.46445873,1
RPGR,0.53119946,3
RHOQ,0.4517334,3
WASF2,0.45026287,3
BRD8,0.64017016,3
NOLC1,0.49624753,3
RXRB,0.4994049,3
EPN2,0.5808311,3
CASP9,0.5412156,3
DAG1,0.4922654,3
PROC,0.42497134,3
THRB,0.39840895,3
RTN4,0.45489886,3
DRD5,0.5006264,3
MAML1,0.46673122,3
TMOD1,0.517205,0
AP2S1,0.57154936,3
UVRAG,0.48683506,3
KIF5C,0.51947325,3
GRIA4,0.53192526,3
FAF1,0.49093395,3
XPOT,0.4276969,0
MYB,0.5115946,1
NR2F6,0.55568653,3
LAMB3,0.53994805,3
DDX1,0.48569795,3
GNA11,0.46855566,1
PKP3,0.50785154,3
ASPH,0.63450587,3
MMP10,0.4948312,3
AP3D1,0.58250564,3
AP3S2,0.5891506,3
BMP2,0.53348434,3
SUMO3,0.510132,3
TYK2,0.45602718,3
BACE1,0.55271083,3
COPA,0.4802684,3
TMED2,0.43715394,3
NXF2,0.4643704,3
TAF7L,0.60898256,3
UBB,0.54670227,3
KLC3,0.52909976,3
PRELP,0.46857548,3
SRP54,0.5329172,3
KLC2,0.49094945,3
NUP93,0.6026757,3
NDC1,0.52638584,3
BRAF,0.6341292,3
LIN7B,0.4808152,3
HIRA,0.5771438,3
CASQ2,0.66035986,3
PCNT,0.48890132,3
HNF1A,0.53983593,1
FRS3,0.59073555,0
GDF7,0.50375897,3
BMP7,0.56859523,3
AP3S1,0.6103987,3
AP3B2,0.5502772,3
LAMC2,0.45959175,3
TOP2A,0.5543825,3
LAT,0.5268297,3
LSM 7.00,0.46155307,3
LSM 1.00,0.44284812,3
APOL1,0.5365694,3
DGKZ,0.47851855,3
BSN,0.50603354,3
ERC2,0.46989802,3
CD2,0.5136152,3
SYT1,0.4457677,3
MSX1,0.66343105,3
SGCD,0.4342853,3
SGCB,0.46414316,3
SGCG,0.4355191,3
CDC45,0.61914235,3
SMC1B,0.6082794,3
ITPR3,0.45570087,3
ITPR1,0.48893425,3
FAF2,0.5457634,3
APOC1,0.54696953,3
HAP1,0.50331163,3
EPOR,0.4793189,3
KLK3,0.50652635,1
AP4E1,0.5369177,3
AP4B1,0.5468272,3
EIF3L,0.550422,3
SYN1,0.50665003,3
SGCA,0.45254815,3
RYR3,0.4483307,3
MAGI1,0.4724837,3
AMOT,0.5213109,3
ARF1,0.5804691,3
CBLC,0.55191976,1
AP3B1,0.552868,3
POP7,0.45498586,3
SALL1,0.5177889,3
LBR,0.4800595,3
TIMP4,0.49611652,3
SCP2,0.54129285,3
EP400,0.5317595,3
MRGBP,0.52334076,3
CPT1A,0.60356003,3
PKP2,0.50152177,3
NOXA1,0.5041444,3
GRIK1,0.5408248,3
SRP72,0.451449,3
PAX6,0.4871766,3
CD59,0.5595371,3
RAD1,0.4684037,3
RAD9B,0.42851675,3
CCNL2,0.5500052,3
NUP88,0.5129393,3
FBF1,0.47506908,0
PLK4,0.515432,3
GRIK3,0.53728795,3
INHA,0.55119985,3
INHBA,0.4953713,3
LAMP1,0.51660174,3
IGSF5,0.5014322,3
TGFB2,0.4610386,3
RGS7,0.503731,1
ICAM1,0.4708748,3
TRIP4,0.4517728,3
RARB,0.52542603,3
GNAQ,0.50961506,3
CDX2,0.53649205,1
RASA2,0.5380061,3
CD36,0.48058406,3
TNNT3,0.47756442,3
HAND2,0.50437814,3
GRM3,0.48002985,1
GRM7,0.4818446,3
GRM8,0.48453146,3
GRM2,0.5187555,3
DEAF1,0.52576643,3
CLOCK,0.566467,3
PDIA2,0.49129295,3
P4HA3,0.5080038,3
STX5,0.47571263,3
SRCAP,0.43710914,3
PIGP,0.4720907,3
GRIP1,0.48559597,3
ATRIP,0.5990533,3
NLGN1,0.53039896,3
EFNA2,0.4658877,3
CLIP1,0.4896719,1
TCEA2,0.40845442,0
RNF41,0.5180576,0
AP4M1,0.5365306,3
DERL3,0.5321251,3
AMFR,0.5472733,3
ENY2,0.5005688,3
STAG3,0.5049781,3
KAT7,0.5521684,0
SVIP,0.35971874,0
DERL1,0.48101178,0
MPDZ,0.4694565,3
UBL4A,0.43548152,3
GET4,0.45248947,3
SLX4,0.5962909,3
TBPL1,0.48763174,0
ITCH,0.5213853,3
DERL2,0.5305743,3
HELLS,0.5770694,3
KMT5C,0.42398578,0
RERE,0.5418453,3
SNAI2,0.4084151,3
CARM1,0.6175835,3
GLI3,0.5611313,3
VPS4A,0.45776153,3
CRX,0.56192034,3
INO80,0.47873437,3
NFRKB,0.45908055,3
TFPT,0.49271587,1
CENPO,0.52332246,3
RMI1,0.46353656,3
OAZ1,0.46638617,3
MAF,0.45795694,1
OCLN,0.5260647,3
MYCN,0.5022809,1
MYO5C,0.5969665,3
TAF4B,0.46503824,3
GNAI2,0.5522257,3
DCAF1,0.5574041,3
PJA2,0.5185882,0
RBM28,0.622653,3
LIN54,0.490919,0
ZWINT,0.44205615,3
MYO5A,0.50458676,1
TEAD1,0.4815891,3
TLN1,0.44448233,3
LAMB1,0.4540772,3
UHRF2,0.47942328,3
ZBED1,0.5165124,3
FOXJ3,0.5342452,3
ELL2,0.4979388,3
KDM5B,0.5187893,3
NPAT,0.47808513,3
CALD1,0.5742931,3
SKA1,0.5310552,3
SCML2,0.52697307,3
VPS28,0.5302678,3
EPN3,0.537113,3
ZNRF1,0.40973613,3
ZNRF2,0.40638018,3
TFAP4,0.51124066,3
DGCR8,0.4859941,1
GPN3,0.49471802,0
WWP2,0.41668138,3
LRWD1,0.5552584,3
STRN,0.498607,1
THOC3,0.4730205,3
TYRP1,0.5265335,3
MPC2,0.5023164,3
EDEM1,0.48054332,1
EID3,0.59952766,3
FAS,0.5576952,1
REPS1,0.53707916,3
PBX1,0.5289791,1
UBE2C,0.4378074,3
PIGU,0.4989017,3
PIGS,0.5017391,3
PIGT,0.5006462,3
CNOT9,0.5695161,3
RPN2,0.42518538,3
COG8,0.50759006,3
COG6,0.50021935,3
COG2,0.49475437,3
MYL6,0.49968323,3
GAR1,0.43806118,0
GNAI1,0.46933392,3
MAGT1,0.4529766,3
RBM25,0.5780656,3
MTREX,0.55149263,3
GNL3,0.59301347,3
CPSF7,0.5562329,3
SURF1,0.6186853,3
COX15,0.6553715,3
SON,0.5142309,3
ACSL3,0.5703602,1
ACSL4,0.5308267,3
KLC4,0.52256936,3
MYL6B,0.5199381,3
MPV17,0.48544276,3
VAPA,0.45381144,3
CDK13,0.5559872,3
PSRC1,0.5102611,3
VPS4B,0.5022452,3
DDX24,0.5045758,3
DDX31,0.4940185,3
MYO1E,0.4630145,3
MYH11,0.46095255,1
EHD4,0.49501503,3
GRHPR,0.5600465,3
SRP14,0.49837074,3
HYOU1,0.47926435,3
ACOX3,0.58099574,3
DECR2,0.49493596,3
ECH1,0.5120539,3
PECR,0.3861313,3
HACL1,0.45653582,3
PRDX5,0.44287714,3
GNPAT,0.5718671,3
GSTK1,0.51955634,3
HMGCL,0.5026343,3
BAAT,0.51261765,3
DHRS4,0.48085633,3
ACOT4,0.6199242,3
PNKP,0.49050742,3
PTCD3,0.5320947,3
VCAM1,0.4852681,3
HSDL2,0.4608059,3
RAB2A,0.5217111,3
MTA3,0.5491683,0
TMED9,0.43530372,0
DCLK1,0.5521667,3
UCHL1,0.43979114,3
SNX5,0.55139166,3
MAIP1,0.4837789,3
PSIP1,0.48050708,1
ANLN,0.5418263,3
ACADM,0.5481748,3
BAG3,0.51715666,3
UGDH,0.5020213,3
CKAP4,0.5148826,0
ATF5,0.49212995,3
RUFY1,0.4918419,0
ALMS1,0.5900629,3
CSPP1,0.514216,3
NIN,0.6172635,1
PIN1,0.48178798,3
AP3M1,0.58417416,3
GANAB,0.539913,3
MYH14,0.4910043,3
PYGB,0.44118413,3
SAE1,0.5376696,3
UQCC2,0.48692915,3
UQCC1,0.5184797,3
GRSF1,0.6312749,3
DHX30,0.6243279,3
ACOT9,0.5575484,3
SPRTN,0.48744038,3
WIPI2,0.43609318,3
MARK4,0.5346274,3
NSD1,0.5177562,3
NANOG,0.51406276,3
MAML2,0.49325162,3
MGST1,0.5154593,3
CDIPT,0.5300937,0
CDC26,0.60820466,3
DAPK1,0.4836138,3
POC1A,0.46864706,3
POC1B,0.4283542,3
NOL12,0.47036612,0
NOP2,0.5073359,0
RBM34,0.5070722,0
PUM3,0.4651332,0
GP1BB,0.5303823,3
GAN,0.57676643,3
RAB3B,0.5006233,3
RAB3A,0.51011693,3
NTF3,0.48770115,3
SYF2,0.53552514,3
DHX35,0.49765906,3
RBM4B,0.4567086,0
SEPT3,0.44204068,3
GNAT2,0.5609396,3
PPM1B,0.44378394,3
CALR3,0.5728312,3
RGPD8,0.4901447,0
ARL8B,0.48564622,3
SEPT1,0.43715936,3
WNT3,0.46102607,3
GALNS,0.5376657,3
NAAA,0.46865618,3
WNT4,0.47202247,3
PON2,0.47277486,3
MYH6,0.51547116,3
LMAN1,0.5583297,3
ARF5,0.54719514,3
CALU,0.5225654,3
CISD1,0.54381377,3
COX5A,0.60146034,3
COX5B,0.64281005,3
CLIC4,0.51249224,3
DCTN5,0.5392418,3
DDX18,0.60881335,3
DDX47,0.5460983,3
NOC2L,0.48699903,3
DDX52,0.47810084,3
HIBCH,0.46706486,3
ECI1,0.46026814,3
DDX56,0.46254832,3
LMAN2,0.43045494,0
PDIA6,0.408384,0
MYH3,0.4728764,3
IMP4,0.46715593,3
NMD3,0.49023092,3
GNL3L,0.5167907,3
PDE12,0.56090665,3
MTCH2,0.46834293,3
PHB2,0.46616647,3
PRDX2,0.48431763,3
GLOD4,0.58333254,3
POMP,0.55709714,3
RPE,0.44655204,3
TRIO,0.42078263,3
RPF2,0.45151958,0
TBL3,0.47753376,3
WDR3,0.4610982,3
RSU1,0.48827124,3
TMOD3,0.57010275,3
MYH8,0.5115642,3
MYH7B,0.46347907,3
TSR1,0.5156506,3
SRF,0.42689684,3
CENPJ,0.66455597,3
HERC2,0.48451343,3
UXT,0.4504029,3
TPGS1,0.4516932,0
CEP44,0.49107242,0
KIF14,0.4373471,3
SCLT1,0.52770495,0
CKAP2,0.5150071,3
KIF7,0.48191556,3
CENPF,0.50159764,0
KIF2A,0.5776274,3
MYH13,0.51471984,3
MYO19,0.52806634,3
LIMA1,0.5233308,3
MYO5B,0.44894028,3
SOAT1,0.46378484,3
SVIL,0.45063475,3
MTX2,0.49192995,3
CLIP2,0.56363916,3
IST1,0.5264968,0
TTLL5,0.50097686,3
RAI14,0.5236272,3
H2BFS,0.4918417,3
ELMO2,0.48233816,3
MRM1,0.5793565,3
EMC2,0.5084028,3
MZT1,0.4791703,0
MZT2B,0.49166372,0
LSM 10.00,0.4463721,3
NEXN,0.54471385,3
MZT2A,0.45249376,0
KMT2E,0.52386653,3
COQ9,0.6351804,3
COX11,0.55006725,3
CISD3,0.6491351,3
HSDL1,0.4918331,3
FIS1,0.51498556,3
COQ8B,0.50059247,3
COQ6,0.54765,3
CYB5B,0.5112104,3
FMC1,0.60403335,0
LYRM2,0.5402331,0
BCL10,0.48058206,1
CSRP1,0.5404283,3
SSH1,0.44097224,3
AP3M2,0.568154,3
SYT2,0.43374458,3
AAK1,0.59328324,3
LSM 5.00,0.5179833,3
WNT7B,0.47972316,3
SYT10,0.40172297,3
SYT3,0.4099124,3
FGFR2,0.5881061,1
MCU,0.63194,3
PDCD7,0.41985783,3
ZCRB1,0.42545035,3
LEPR,0.50173014,3
TAFA4,0.49149364,3
KLHL2,0.49742258,3
CNPY2,0.51154214,0
PDIA5,0.5071649,0
GLE1,0.5803034,3
STX11,0.45440388,3
GOSR1,0.4656414,3
GLRB,0.52307886,3
CETN3,0.5234622,3
MTG1,0.44215333,0
YBEY,0.44658947,0
WDR6,0.44671834,3
IGHA2,0.46274838,3
COLQ,0.47851494,3
MYL3,0.48195654,3
CENPV,0.5902838,3
SRSF8,0.44295755,3
RHEB,0.50134337,3
C1D,0.6381337,3
TAFA3,0.49450916,0
GRN,0.4989446,0
ACSM5,0.61501104,3
ATF6B,0.61476225,3
GLMP,0.46464273,0
MTG2,0.5977897,3
EDEM3,0.4672459,3
AVIL,0.610579,3
SIAE,0.5237566,3
P3H3,0.5188558,3
DNAI2,0.45389974,3
PLOD2,0.45085704,3
PLOD1,0.43286055,3
TDG,0.50115407,3
ERH,0.4379575,3
SFXN1,0.5488187,3
MOGS,0.45134822,3
MYO1A,0.43021944,3
NCEH1,0.52212715,3
CENPW,0.5525791,0
HIC1,0.49214154,3
EGLN3,0.5276398,3
ERG,0.5557931,1
IRF5,0.50792706,3
RMND1,0.61865115,3
SEC63,0.47081453,3
AGR2,0.5796233,3
SETX,0.5205838,3
HELB,0.50226194,3
FGF1,0.47427619,3
ESCO2,0.48073432,3
LDB3,0.53383595,3
SNX9,0.4333156,3
SDC1,0.5273909,3
HMGA2,0.51993394,3
BET1,0.5243791,3
RAB9A,0.46231246,3
CANT1,0.57789695,1
PNISR,0.47889,3
VWA8,0.5191094,3
TACO1,0.58218086,3
HINT2,0.68292356,3
SLIRP,0.49081284,3
SCO1,0.543022,3
COX14,0.5749701,3
COA6,0.61853796,3
CMC1,0.5570098,3
MICU2,0.5129346,3
GRWD1,0.62692523,3
DAPK2,0.5533043,3
WIPI1,0.4191943,0
ERAL1,0.5975407,3
PEX26,0.5076442,3
DMC1,0.5547367,3
TANK,0.45637062,0
GBF1,0.5255548,3
BICD1,0.53070694,3
GYS2,0.5659029,3
MCAT,0.5060183,3
OAT,0.565366,3
ETFA,0.59943753,3
RCN2,0.45995966,3
COX6C,0.6187617,1
MSRB2,0.5166613,3
COX7C,0.6146807,3
COX8A,0.52120864,1
HDHD3,0.45058784,3
ALDH2,0.6163353,1
NLRP3,0.5376155,3
VMP1,0.50417954,3
EHD2,0.5272529,3
GRM1,0.5099764,3
PTPRO,0.4570217,3
TNS2,0.5063077,3
COPG1,0.5217728,3
BIRC3,0.5595058,1
PREB,0.5279209,3
RCN1,0.47662443,3
CCDC6,0.49468037,1
KIF9,0.54269785,3
CEP19,0.56302255,3
UBE4A,0.47142532,3
MYL1,0.5065579,3
OBSL1,0.5440094,3
MIB1,0.46199074,3
BAD,0.53195864,1
DSG1,0.5227777,3
GID8,0.5442628,3
ACOT2,0.6569814,3
PARL,0.5310707,3
NSUN4,0.38270062,3
PPOX,0.48302487,3
CELF1,0.5838993,3
AGO3,0.6035032,3
MMAB,0.5939498,3
MEX3B,0.48703942,3
XRN1,0.5085395,3
HAUS2,0.49608576,3
PCDH7,0.5384401,3
PTPRA,0.5057503,3
MYO1F,0.50563,3
CORO6,0.49771932,0
STAU2,0.5306992,3
COQ8A,0.6718527,0
GCDH,0.59968036,3
LDHA,0.4605622,3
MYO9A,0.50358886,3
LYRM7,0.6422653,3
COQ5,0.5028955,3
MRM3,0.5907158,3
MCUR1,0.5502972,3
MRS2,0.5298216,0
MTO1,0.55293655,3
DDX28,0.6487082,3
IVD,0.57471967,3
LETM1,0.6414174,3
LYRM4,0.5620549,3
NFS1,0.5188583,3
PDK3,0.51396674,3
PDPR,0.54584444,3
TEFM,0.6368959,3
MFF,0.5289731,3
TDRKH,0.49480575,0
ETFB,0.6432356,3
OXA1L,0.4962338,3
NUBPL,0.51975954,3
CBR4,0.48988634,3
COQ3,0.48901328,0
RAB21,0.4720976,3
ERP44,0.5537105,0
TBCA,0.44961455,3
PLCE1,0.49164256,3
HMGN4,0.51023376,0
MAFG,0.49591708,3
MYOM1,0.52374715,3
HGF,0.44832656,1
VWF,0.44072065,3
COMP,0.5427736,3
LOXL1,0.52436566,3
EGFL7,0.54624575,3
LAMA4,0.5079405,3
FOXL2,0.55028224,1
PYGM,0.435891,3
PHKG1,0.4211377,3
STMN1,0.49140853,3
SV2A,0.46199816,3
